{
  "collapse-filter": true,
  "search": "",
  "showTags": false,
  "showAttachments": false,
  "hideUnresolved": false,
  "showOrphans": true,
  "collapse-color-groups": true,
  "colorGroups": [],
  "collapse-display": false,
  "showArrow": true,
  "textFadeMultiplier": -1.2,
  "nodeSizeMultiplier": 1.58020833333333,
  "lineSizeMultiplier": 2.98385416666667,
  "collapse-forces": false,
  "centerStrength": 0.5,
  "repelStrength": 11.6666666666667,
  "linkStrength": 1,
  "linkDistance": 294,
  "scale": 0.6442545994650697,
  "close": true
}