{
  "main": {
    "id": "676474347d76d2bf",
    "type": "split",
    "children": [
      {
        "id": "b80ee8865bb0d781",
        "type": "tabs",
        "children": [
          {
            "id": "f5ec42863656ddcf",
            "type": "leaf",
            "state": {
              "type": "markdown",
              "state": {
                "file": "Neural Network (NN).md",
                "mode": "source",
                "source": false
              }
            }
          },
          {
            "id": "e0878cd28b29ed96",
            "type": "leaf",
            "state": {
              "type": "markdown",
              "state": {
                "file": "Bibliography.md",
                "mode": "source",
                "source": false
              }
            }
          }
        ]
      }
    ],
    "direction": "vertical"
  },
  "left": {
    "id": "6fc2f6f6f142ee3f",
    "type": "split",
    "children": [
      {
        "id": "e62bf08d92c91668",
        "type": "tabs",
        "children": [
          {
            "id": "e50d7553fe53f5bd",
            "type": "leaf",
            "state": {
              "type": "file-explorer",
              "state": {
                "sortOrder": "alphabetical"
              }
            }
          },
          {
            "id": "2010e572ba4f44ef",
            "type": "leaf",
            "state": {
              "type": "search",
              "state": {
                "query": "#TODO",
                "matchingCase": false,
                "explainSearch": false,
                "collapseAll": false,
                "extraContext": false,
                "sortOrder": "alphabetical"
              }
            }
          },
          {
            "id": "d2d0dffc904aa734",
            "type": "leaf",
            "state": {
              "type": "starred",
              "state": {}
            }
          }
        ]
      }
    ],
    "direction": "horizontal",
    "width": 280.5
  },
  "right": {
    "id": "189dac053b472d29",
    "type": "split",
    "children": [
      {
        "id": "751ef84bb29c1d5c",
        "type": "tabs",
        "children": [
          {
            "id": "aab20ee54bb1129f",
            "type": "leaf",
            "state": {
              "type": "backlink",
              "state": {
                "file": "Neural Network (NN).md",
                "collapseAll": false,
                "extraContext": false,
                "sortOrder": "alphabetical",
                "showSearch": false,
                "searchQuery": "",
                "backlinkCollapsed": false,
                "unlinkedCollapsed": true
              }
            }
          },
          {
            "id": "9b641b799e7d0808",
            "type": "leaf",
            "state": {
              "type": "outgoing-link",
              "state": {
                "file": "Neural Network (NN).md",
                "linksCollapsed": false,
                "unlinkedCollapsed": true
              }
            }
          },
          {
            "id": "7abe0f3e8a8e333b",
            "type": "leaf",
            "state": {
              "type": "tag",
              "state": {
                "sortOrder": "frequency",
                "useHierarchy": true
              }
            }
          },
          {
            "id": "e7a2573fde30e496",
            "type": "leaf",
            "state": {
              "type": "outline",
              "state": {
                "file": "Neural Network (NN).md"
              }
            }
          }
        ]
      }
    ],
    "direction": "horizontal",
    "width": 300,
    "collapsed": true
  },
  "left-ribbon": {
    "hiddenItems": {
      "switcher:Open quick switcher": false,
      "graph:Open graph view": false,
      "canvas:Create new canvas": false,
      "daily-notes:Open today's daily note": false,
      "templates:Insert template": false,
      "command-palette:Open command palette": false
    }
  },
  "active": "f5ec42863656ddcf",
  "lastOpenFiles": [
    "Bibliography.md",
    "Neural Network (NN).md",
    "Math Dictionary.md",
    "Activation Functions.md",
    "Types of Layers.md",
    "Table of Contents.md",
    "Regression Models.md",
    "Preface.md",
    "Natural Language Processing.md",
    "Making a Neural Network.md",
    "machine_learning.png",
    "Computer vision.md",
    "NNGraph.webp",
    "Links.md"
  ]
}